{
  "t": 99,
  "lo": 11.225975036621094,
  "hi": 12.160283088684082,
  "p99": 10.76010950088501
}